<?xml version="1.0" encoding="utf-8" standalone="yes" ?>
<rss version="2.0" xmlns:atom="http://www.w3.org/2005/Atom">
  <channel>
    <title>Pythoon on Hello World</title>
    <link>https://harryho.github.io/tags/pythoon/</link>
    <description>Recent content in Pythoon on Hello World</description>
    <generator>Hugo -- gohugo.io</generator>
    <language>en-us</language>
    <copyright>Copyright (c) 2015, harryho; All rights reserved.</copyright>
    <lastBuildDate>Thu, 03 Aug 2017 16:56:21 +1100</lastBuildDate>
    
	<atom:link href="https://harryho.github.io/tags/pythoon/index.xml" rel="self" type="application/rss+xml" />
    
    
    <item>
      <title>FlatApi -- A handy Restful API for python developer</title>
      <link>https://harryho.github.io/project/python-flat-api/</link>
      <pubDate>Thu, 03 Aug 2017 16:56:21 +1100</pubDate>
      
      <guid>https://harryho.github.io/project/python-flat-api/</guid>
      <description>FlatApi is a zero coding and zero configuration restful API server inspired by Json-Server_ and Eve_. It is designed to be used as fake restful api for development, especially for people want to use Python stack. Setup process is less than 10 seconds.
FlatApi is:
 Zero coding and configuration to setup Restful API FlatApi is designed to use without coding and configuration by default. You just need one config to setup all endpoints you need, then you can use it immediately.</description>
    </item>
    
  </channel>
</rss>