<?xml version="1.0" encoding="utf-8" standalone="yes" ?>
<rss version="2.0" xmlns:atom="http://www.w3.org/2005/Atom">
  <channel>
    <title>Webpack on Hello World</title>
    <link>https://harryho.github.io/tags/webpack/</link>
    <description>Recent content in Webpack on Hello World</description>
    <generator>Hugo -- gohugo.io</generator>
    <language>en-us</language>
    <copyright>Copyright (c) 2015, harryho; All rights reserved.</copyright>
    <lastBuildDate>Tue, 15 Nov 2016 16:56:21 +1100</lastBuildDate>
    
	<atom:link href="https://harryho.github.io/tags/webpack/index.xml" rel="self" type="application/rss+xml" />
    
    
    <item>
      <title>Angularjs Webpack ES6 Starter</title>
      <link>https://harryho.github.io/project/angularjs-webpack-es6-starter/</link>
      <pubDate>Tue, 15 Nov 2016 16:56:21 +1100</pubDate>
      
      <guid>https://harryho.github.io/project/angularjs-webpack-es6-starter/</guid>
      <description>This starter was inspired by another similar angular webpack starter repository. It simply includes font-awesome, bootstrap for the people who don&amp;rsquo;t want to use boostrap-webpack, font-awesome-webpack. I find it saves us so much effort to create prototype, since we don&amp;rsquo;t need spectacular UI.
 This starter uses angular 1.5 for someone want to build component. This repo followes mvc patterns instead of component pattern. ES6, and ES7 support with babel.</description>
    </item>
    
  </channel>
</rss>