<?xml version="1.0" encoding="utf-8" standalone="yes" ?>
<rss version="2.0" xmlns:atom="http://www.w3.org/2005/Atom">
  <channel>
    <title>Itext on Hello World</title>
    <link>https://harryho.github.io/tags/itext/</link>
    <description>Recent content in Itext on Hello World</description>
    <generator>Hugo -- gohugo.io</generator>
    <language>en-us</language>
    <copyright>Copyright (c) 2015, harryho; All rights reserved.</copyright>
    <lastBuildDate>Thu, 11 Aug 2016 11:59:31 +1100</lastBuildDate>
    
	<atom:link href="https://harryho.github.io/tags/itext/index.xml" rel="self" type="application/rss+xml" />
    
    
    <item>
      <title>Git Notes</title>
      <link>https://harryho.github.io/dev/git-notes/</link>
      <pubDate>Thu, 11 Aug 2016 11:59:31 +1100</pubDate>
      
      <guid>https://harryho.github.io/dev/git-notes/</guid>
      <description>Create a new branch with git and manage branches
 Create the branch on your local machine and switch in this branch :
$ git checkout -b [name_of_your_new_branch]  Push the branch on github :
 $ git push origin [name_of_your_new_branch]   When you want to commit something in your branch, be sure to be in your branch.
You can see all branches created by using :
$ git branch  Which will show :</description>
    </item>
    
  </channel>
</rss>