<?xml version="1.0" encoding="utf-8" standalone="yes" ?>
<rss version="2.0" xmlns:atom="http://www.w3.org/2005/Atom">
  <channel>
    <title>Oo on Hello World</title>
    <link>https://harryho.github.io/tags/oo/</link>
    <description>Recent content in Oo on Hello World</description>
    <generator>Hugo -- gohugo.io</generator>
    <language>en-us</language>
    <copyright>Copyright (c) 2015, harryho; All rights reserved.</copyright>
    <lastBuildDate>Thu, 20 Mar 2014 14:59:31 +1100</lastBuildDate>
    
	<atom:link href="https://harryho.github.io/tags/oo/index.xml" rel="self" type="application/rss+xml" />
    
    
    <item>
      <title>JavaScript and OOP</title>
      <link>https://harryho.github.io/code/javascript-oop/</link>
      <pubDate>Thu, 20 Mar 2014 14:59:31 +1100</pubDate>
      
      <guid>https://harryho.github.io/code/javascript-oop/</guid>
      <description>What is JavaScript?  Please find the answer on Home Page  What is OOP?  Object-oriented programming (OOP) is a programming paradigm based on the concept of &amp;ldquo;objects&amp;rdquo;, which may contain data, in the form of fields, as known as attributes or properties; and actions, in the form of functions, as known as methods.
For example, Car is an object. The color and model of the car are attributes.</description>
    </item>
    
  </channel>
</rss>