<?xml version="1.0" encoding="utf-8" standalone="yes" ?>
<rss version="2.0" xmlns:atom="http://www.w3.org/2005/Atom">
  <channel>
    <title>Project on Hello World</title>
    <link>https://harryho.github.io/categories/project/</link>
    <description>Recent content in Project on Hello World</description>
    <generator>Hugo -- gohugo.io</generator>
    <language>en-us</language>
    <copyright>Copyright (c) 2015, harryho; All rights reserved.</copyright>
    <lastBuildDate>Thu, 03 Aug 2017 16:56:21 +1100</lastBuildDate>
    
	<atom:link href="https://harryho.github.io/categories/project/index.xml" rel="self" type="application/rss+xml" />
    
    
    <item>
      <title>FlatApi -- A handy Restful API for python developer</title>
      <link>https://harryho.github.io/project/python-flat-api/</link>
      <pubDate>Thu, 03 Aug 2017 16:56:21 +1100</pubDate>
      
      <guid>https://harryho.github.io/project/python-flat-api/</guid>
      <description>FlatApi is a zero coding and zero configuration restful API server inspired by Json-Server_ and Eve_. It is designed to be used as fake restful api for development, especially for people want to use Python stack. Setup process is less than 10 seconds.
FlatApi is:
 Zero coding and configuration to setup Restful API FlatApi is designed to use without coding and configuration by default. You just need one config to setup all endpoints you need, then you can use it immediately.</description>
    </item>
    
    <item>
      <title>Angular 4 Crm Project</title>
      <link>https://harryho.github.io/project/reetek-angular4-crm/</link>
      <pubDate>Wed, 07 Dec 2016 16:56:21 +1100</pubDate>
      
      <guid>https://harryho.github.io/project/reetek-angular4-crm/</guid>
      <description>Ng4Crm is reusable CRM project for real-world business based on Angular 4, Angular-Material &amp;amp; Bootstrap 3.
This project starts from a popular starter project AngularClass/AngularStarter. The goal of this project is to create reusable project for real-world business. To achieve this target, we need a solution which should include authentication process, restful API feature with token support and simple but elegant UI design.
Features
 This project is built on the top of AngularClass/Angular-Starter.</description>
    </item>
    
    <item>
      <title>Laravel MVC Starter</title>
      <link>https://harryho.github.io/project/laravel-mvc-starter/</link>
      <pubDate>Wed, 07 Dec 2016 16:56:21 +1100</pubDate>
      
      <guid>https://harryho.github.io/project/laravel-mvc-starter/</guid>
      <description> This starter is the starting point of laravel 5 MVC project. This application is meant to be used as a starting place for those looking to get their feet wet with laravel.
Overview of project BDD ( Business domain design) +-------+ 0...* 0...* +--------+ 1 0...* +---------+ | tag | --------------- | post | ----- ----- | comment | +-------+ +--------+ +---------+ | 1...* | | 0...* +--------+ | like | +--------+  Structure of starter \path\to\lara-mvc-starter +---app &amp;lt;-// Customized PHP application code | +---Console | +---Exceptions | +---Http | | +---Controllers | | | \---Auth | | \---Middleware | \---Providers +---bootstrap &amp;lt;-// bootstrap the framework and configure autoloading | \---cache +---config &amp;lt;-// application configuration +---database &amp;lt;-// database migration files | +---factories | +---migrations | \---seeds +---public &amp;lt;-// Distributed website folder including Style sheet +---resources &amp;lt;-// View files, Javascripts, localization setting | +---assets | +---lang | \---views | +---admin | +---blog | +---errors | +---layouts | +---other | +---partials | \---vendor | \---pagination +---routes &amp;lt;-// Route definitions and setting +---storage &amp;lt;-//Blade templates, file based sessions, file caches | +---app | | \---public | +---framework | | +---cache | | +---sessions | | \---views | \---logs +---tests \---vendor &amp;lt;-// Laravel framework  Screenshots   Browse Repository </description>
    </item>
    
    <item>
      <title>React Redux Crm Project</title>
      <link>https://harryho.github.io/project/reetek-react-crm/</link>
      <pubDate>Wed, 07 Dec 2016 16:56:21 +1100</pubDate>
      
      <guid>https://harryho.github.io/project/reetek-react-crm/</guid>
      <description>React-Crm is reusable CRM starter project for real-world business based on React 15.4, React-Redux &amp;amp; Material-UI.
The goal of this starter project is to create reusable project for real-world business. To achieve this target, we need a solution which should include authentication process, restful API feature with token support and simple but elegant UI design.
Features
 This project is built on the top of React/Redux. The UI part of this project uses Material-UI.</description>
    </item>
    
    <item>
      <title>Vue 2 Admin Project</title>
      <link>https://harryho.github.io/project/reetek-vue2-admin/</link>
      <pubDate>Wed, 07 Dec 2016 16:56:21 +1100</pubDate>
      
      <guid>https://harryho.github.io/project/reetek-vue2-admin/</guid>
      <description>Vue2Admin is a fully responsive admin template that is inspired by AdminLTE.
 This template is built-in with Vue 2 at the start. It include Vue Resource, Vuex as well. The plugins for this project are loaded with script loader.  Structure of Reetek Vue2Admin path\to\vue2admin +---build &amp;lt;-// webpack files +---config &amp;lt;-// configuration of dev or prod environment +---screenshots +---src &amp;lt;-// vue components | +---components | | +---charts | | +---dashboard | | +---forms | | +---mailbox | | +---misc | | +---pages | | +---tables | | +---ui | | \---widget | \---filters +---static &amp;lt;-// css, dump data, fonts, image files and plugins | +---css | +---data | +---fonts | +---img | | +---credit | | \---stock | \---js | \---plugins &amp;lt;-// plugins for admin dashboard | +---AdminLTE | +---bootstrap | +---bootstrap-slider | +---bootstrap-wysihtml5 | +---chartjs | +---ckeditor | + .</description>
    </item>
    
    <item>
      <title>Vue 2 Crm Project</title>
      <link>https://harryho.github.io/project/reetek-vue2-crm/</link>
      <pubDate>Wed, 07 Dec 2016 16:56:21 +1100</pubDate>
      
      <guid>https://harryho.github.io/project/reetek-vue2-crm/</guid>
      <description>Vue2Crm is a reusable Vue.js CRM starter project for real-world business based on Vue 2 PWA template with Vuetify.
The goal of this project is to create a reusable project for real-world business. To achieve this target, we need a solution which includes authentication process, restful API feature and simple but elegant UI design.
Features
 This starter project is built-in with Vue 2 PWA from scratch. The whole UI is built on the Vuetify It includes Vuex, Axios as well.</description>
    </item>
    
    <item>
      <title>Angularjs Webpack ES6 Starter</title>
      <link>https://harryho.github.io/project/angularjs-webpack-es6-starter/</link>
      <pubDate>Tue, 15 Nov 2016 16:56:21 +1100</pubDate>
      
      <guid>https://harryho.github.io/project/angularjs-webpack-es6-starter/</guid>
      <description>This starter was inspired by another similar angular webpack starter repository. It simply includes font-awesome, bootstrap for the people who don&amp;rsquo;t want to use boostrap-webpack, font-awesome-webpack. I find it saves us so much effort to create prototype, since we don&amp;rsquo;t need spectacular UI.
 This starter uses angular 1.5 for someone want to build component. This repo followes mvc patterns instead of component pattern. ES6, and ES7 support with babel.</description>
    </item>
    
    <item>
      <title>Zendframework 2 MVC Starter</title>
      <link>https://harryho.github.io/project/zf2-mvc-starter/</link>
      <pubDate>Tue, 09 Feb 2016 16:56:21 +1100</pubDate>
      
      <guid>https://harryho.github.io/project/zf2-mvc-starter/</guid>
      <description>This starter is the starting point of zendframework 2 MVC project. This application is meant to be used as a starting place for those looking to get their feet wet with ZF2.
 This starter was built on the zendframework 2.x. This starter uses mysql as database setting by default. Include digest authentication by default. Include font-awesome files. Include Bootstrap 3 without bootstrap-loader. Include html5shiiv.js to support older IE browser.</description>
    </item>
    
  </channel>
</rss>