<?xml version="1.0" encoding="utf-8" standalone="yes" ?>
<rss version="2.0" xmlns:atom="http://www.w3.org/2005/Atom">
  <channel>
    <title>Azure on Hello World</title>
    <link>https://harryho.github.io/tags/azure/</link>
    <description>Recent content in Azure on Hello World</description>
    <generator>Hugo -- gohugo.io</generator>
    <language>en-us</language>
    <copyright>Copyright (c) 2015, harryho; All rights reserved.</copyright>
    <lastBuildDate>Sun, 10 Apr 2016 14:59:31 +1100</lastBuildDate>
    
	<atom:link href="https://harryho.github.io/tags/azure/index.xml" rel="self" type="application/rss+xml" />
    
    
    <item>
      <title>Azure notes</title>
      <link>https://harryho.github.io/article/azure-notes/</link>
      <pubDate>Sun, 10 Apr 2016 14:59:31 +1100</pubDate>
      
      <guid>https://harryho.github.io/article/azure-notes/</guid>
      <description>Here we are going to explore how to deploy web applications to Azure. From sep 2015, Microsoft launched new portal for Azure. To be honest, new portal is amazing, IMO, it is one of best changes from Microsoft.
 Assumption  You have experience with .net web applications. You have experience with website or web app deployment.  Getting Started  Register a Microsoft account. e.g. live.com, outlook.com, etc.</description>
    </item>
    
  </channel>
</rss>