<?xml version="1.0" encoding="utf-8" standalone="yes" ?>
<rss version="2.0" xmlns:atom="http://www.w3.org/2005/Atom">
  <channel>
    <title>Raspberry Pi on Hello World</title>
    <link>https://harryho.github.io/tags/raspberry-pi/</link>
    <description>Recent content in Raspberry Pi on Hello World</description>
    <generator>Hugo -- gohugo.io</generator>
    <language>en-us</language>
    <copyright>Copyright (c) 2015, harryho; All rights reserved.</copyright>
    <lastBuildDate>Sat, 06 Jan 2018 14:59:31 +1100</lastBuildDate>
    
	<atom:link href="https://harryho.github.io/tags/raspberry-pi/index.xml" rel="self" type="application/rss+xml" />
    
    
    <item>
      <title>Raspberry Pi setup</title>
      <link>https://harryho.github.io/os/raspberrypi-notes/</link>
      <pubDate>Sat, 06 Jan 2018 14:59:31 +1100</pubDate>
      
      <guid>https://harryho.github.io/os/raspberrypi-notes/</guid>
      <description>Prelude
 *This note is mainly to record how to setup Raspberry Pi as file server.
 Assumption  You have a Raspberry Pi with pre-installed raspbian SD card You are happy to get your hands dirty You have some basic computer concept. RPi is short for Raspberry Pi
  My Raspberry Pi is a bit old I only have the RPi 1 model B with pre-installed raspbian SD card in place.</description>
    </item>
    
  </channel>
</rss>