<?xml version="1.0" encoding="utf-8" standalone="yes" ?>
<rss version="2.0" xmlns:atom="http://www.w3.org/2005/Atom">
  <channel>
    <title>Ai on Hello World</title>
    <link>https://harryho.github.io/tags/ai/</link>
    <description>Recent content in Ai on Hello World</description>
    <generator>Hugo -- gohugo.io</generator>
    <language>en-us</language>
    <copyright>Copyright (c) 2015, harryho; All rights reserved.</copyright>
    <lastBuildDate>Wed, 07 Dec 2016 16:56:21 +1100</lastBuildDate>
    
	<atom:link href="https://harryho.github.io/tags/ai/index.xml" rel="self" type="application/rss+xml" />
    
    
    <item>
      <title>CNTK Notes, Part 1</title>
      <link>https://harryho.github.io/dev/cntk-notes-1/</link>
      <pubDate>Wed, 07 Dec 2016 16:56:21 +1100</pubDate>
      
      <guid>https://harryho.github.io/dev/cntk-notes-1/</guid>
      <description> Assumption  You are using Windows 7 or higher version You are using Anaconda to setup the environment  Create CNTK virtual environment # use follow command to remove existing virtual environment # conda remove -n cntk --all conda create -n cntk  Activate virtual environment and install CNTK activate cntk pip install https://cntk.ai/PythonWheel/CPU-Only/cntk-2.0rc3-cp36-cp36m-win_amd64.whl  Test CNTK python &amp;gt;&amp;gt;&amp;gt; import cntk &amp;gt;&amp;gt;&amp;gt; cntk.__version__ &#39;2.0rc3&#39;  </description>
    </item>
    
    <item>
      <title>Tensorflow Notes, Part 1</title>
      <link>https://harryho.github.io/dev/tensorflow-notes-1/</link>
      <pubDate>Wed, 07 Dec 2016 16:56:21 +1100</pubDate>
      
      <guid>https://harryho.github.io/dev/tensorflow-notes-1/</guid>
      <description>Assumption  You are using Ubuntu 16 Your machine has Nvidia GPU card installed If you are using Ubuntu 14, the installation of CUDA and cuDNN will be a bit different. Please check Google&amp;rsquo;s instructions.  Install python3 and pip3  Please find instructions here  Install virtualenv via pip3 pip3 install virtualenv  Create two tensorflow virtualenvs. mkdir ~/.envs virtualenv --system-site-packages ~/.envs/tf # CPU only virtualenv --system-site-packages ~/.envs/tfgpu # GPU enabled  Install tensorflow for different virtualenvs source ~/.</description>
    </item>
    
    <item>
      <title>Tensorflow Notes, Part 2</title>
      <link>https://harryho.github.io/dev/tensorflow-notes-2/</link>
      <pubDate>Wed, 07 Dec 2016 16:56:21 +1100</pubDate>
      
      <guid>https://harryho.github.io/dev/tensorflow-notes-2/</guid>
      <description>Assumption  You are using Windows 7 or higher version You are using Anaconda to setup the environment  Install Anaconda  Please download Anaconda from the official site   Create tensorflow virtualenv with python 3.5  Anaconda uses python 3.6 by default. Tensorflow only supports python 3.5.
cd /path/to/envs conda create -n tensorflow
  Install tensorflow activate tensorflow # For CPU pip install --ignore-installed --upgrade https://storage.googleapis.com/tensorflow/windows/cpu/tensorflow-1.1.0-cp35-cp35m-win_amd64.whl # Or for GPU pip install --ignore-installed --upgrade https://storage.</description>
    </item>
    
  </channel>
</rss>