<?xml version="1.0" encoding="utf-8" standalone="yes" ?>
<rss version="2.0" xmlns:atom="http://www.w3.org/2005/Atom">
  <channel>
    <title>Indexes on Hello World</title>
    <link>https://harryho.github.io/index/</link>
    <description>Recent content in Indexes on Hello World</description>
    <generator>Hugo -- gohugo.io</generator>
    <language>en-us</language>
    <copyright>Copyright (c) 2015, harryho; All rights reserved.</copyright>
    <lastBuildDate>Thu, 16 Feb 2017 11:47:59 +1100</lastBuildDate>
    
	<atom:link href="https://harryho.github.io/index/index.xml" rel="self" type="application/rss+xml" />
    
    
    <item>
      <title>_dummy</title>
      <link>https://harryho.github.io/index/_dummy/</link>
      <pubDate>Thu, 16 Feb 2017 11:47:59 +1100</pubDate>
      
      <guid>https://harryho.github.io/index/_dummy/</guid>
      <description></description>
    </item>
    
  </channel>
</rss>