<?xml version="1.0" encoding="utf-8" standalone="yes" ?>
<rss version="2.0" xmlns:atom="http://www.w3.org/2005/Atom">
  <channel>
    <title>Mobile on Hello World</title>
    <link>https://harryho.github.io/tags/mobile/</link>
    <description>Recent content in Mobile on Hello World</description>
    <generator>Hugo -- gohugo.io</generator>
    <language>en-us</language>
    <copyright>Copyright (c) 2015, harryho; All rights reserved.</copyright>
    <lastBuildDate>Sun, 10 Jul 2016 14:59:31 +1100</lastBuildDate>
    
	<atom:link href="https://harryho.github.io/tags/mobile/index.xml" rel="self" type="application/rss+xml" />
    
    
    <item>
      <title>Build mobile app with web dev skills</title>
      <link>https://harryho.github.io/article/build-mobile-app/</link>
      <pubDate>Sun, 10 Jul 2016 14:59:31 +1100</pubDate>
      
      <guid>https://harryho.github.io/article/build-mobile-app/</guid>
      <description>What is mobile app  A mobile application, basically, is a computer generated program designed and developed to run on iPhone, Android Smartphone, and many other mobile devices. In a nutshell, there are three types of apps
Native apps are specific to a given mobile platform (iOS or Android) using the development tools and language that the respective platform. Usaully it looks and performs the best.
HTML5 apps use standard web technologies—typically HTML5, JavaScript and CSS.</description>
    </item>
    
  </channel>
</rss>