<?xml version="1.0" encoding="utf-8" standalone="yes" ?>
<rss version="2.0" xmlns:atom="http://www.w3.org/2005/Atom">
  <channel>
    <title>Ubuntu on Hello World</title>
    <link>https://harryho.github.io/tags/ubuntu/</link>
    <description>Recent content in Ubuntu on Hello World</description>
    <generator>Hugo -- gohugo.io</generator>
    <language>en-us</language>
    <copyright>Copyright (c) 2015, harryho; All rights reserved.</copyright>
    <lastBuildDate>Thu, 04 Jan 2018 13:59:31 +1100</lastBuildDate>
    
	<atom:link href="https://harryho.github.io/tags/ubuntu/index.xml" rel="self" type="application/rss+xml" />
    
    
    <item>
      <title>Lubuntu 16 desktop</title>
      <link>https://harryho.github.io/os/lubuntu16-desktop/</link>
      <pubDate>Thu, 04 Jan 2018 13:59:31 +1100</pubDate>
      
      <guid>https://harryho.github.io/os/lubuntu16-desktop/</guid>
      <description>Prelude
 There is no big difference against setup between Lubuntu and Ubuntu. I just want to keep a latest version of setup for myself as reference
 Assumption  You have Lubuntu 16 in place  Things to do after installing Lubuntu 16  How to setup your server  UFW setup sudo ufw enable sudo ufw allow 80/tcp sudo ufw allow ssh sudo ufw allow 443/tcp sudo ufw allow 8000/tcp  SSH server setup !</description>
    </item>
    
    <item>
      <title>Ubuntu 16 server note</title>
      <link>https://harryho.github.io/os/ubuntu-server-16/</link>
      <pubDate>Thu, 04 May 2017 14:59:31 +1100</pubDate>
      
      <guid>https://harryho.github.io/os/ubuntu-server-16/</guid>
      <description>Prelude
 This article is mainly to help experienced user install and setup Ubuntu 16 LTS Server. If you are looking for the information for Ubuntu 14, please go to the page Ubuntu 14 server setup
 Assumption  You are familiar with Ubuntu, at least you have some experience working on Linux system. You are familiar with basic bash/shell command  Wireless Setup  If you install ubuntu server on a laptop, you might end up to setup the wifi first.</description>
    </item>
    
    <item>
      <title>Ubuntu 14 -- server setup</title>
      <link>https://harryho.github.io/os/ubuntu-server-14/</link>
      <pubDate>Fri, 04 Mar 2016 14:59:31 +1100</pubDate>
      
      <guid>https://harryho.github.io/os/ubuntu-server-14/</guid>
      <description>Prelude
 This article is mainly to help experienced user install and setup Ubuntu server. If you are not familiar with Ubuntu system, please install Ubuntu desktop version at first, and you can follow Ubuntu deskstop setup
 Brief history  Please find it from Brief history of Linux  Assumption  You are familiar with Ubuntu, at least you have some experience working on Linux system. You are familiar with bash/shell script You are going to setup Ubuntu server for special purpose.</description>
    </item>
    
    <item>
      <title>Ubuntu 14 -- desktop setup &amp; dual boot </title>
      <link>https://harryho.github.io/os/ubuntu-desktop-14/</link>
      <pubDate>Sun, 10 Jan 2016 14:59:31 +1100</pubDate>
      
      <guid>https://harryho.github.io/os/ubuntu-desktop-14/</guid>
      <description>This article is mainly to help beginner install Ubuntu desktop at the first time. If you are looking for setup of Ubuntu server, please check out the blog &amp;ndash; Ubuntu server setup
 Brief history  Please find it from Brief history of Linux  Where to install Linux?  How to answer this quetion really depends user&amp;rsquo;s computer knowledge and skills. Basically Linux can be installed on almost any PC, laptop, embedded device or tablet.</description>
    </item>
    
    <item>
      <title>Ubuntu 14 -- desktop, extra tools</title>
      <link>https://harryho.github.io/os/ubuntu-desktop-14-extra-tools/</link>
      <pubDate>Sun, 10 Jan 2016 14:59:31 +1100</pubDate>
      
      <guid>https://harryho.github.io/os/ubuntu-desktop-14-extra-tools/</guid>
      <description>How to install Ubunt 14  Please find it from Brief history of Linux  Install chrome wget https://dl.google.com/linux/direct/google-chrome-stable_current_amd64.deb sudo dpkg -i google-chrome-stable_current_amd64.deb  Install Umake sudo add-apt-repository ppa:ubuntu-desktop/ubuntu-make sudo apt-get update sudo apt-get install ubuntu-make  Install IDEs via Umake umake ide pycharm umake web visual-studio-code umake android android-studio  General prerequest sed -i &amp;quot;/^# deb .*partner/ s/^# //&amp;quot; /etc/apt/sources.list &amp;amp;&amp;amp; apt-get update sudo apt-get install geany byobu p7zip-full gimp pdfshuffler scribus \ filezilla lftp ubuntu-restricted-extras vlc pyrenamer \ imagemagick hugin darktable skype avidemux  Remove Games sudo apt-get remove aisleriot gnome-mahjongg gnomine gnome-sudoku  Geany themes cd ~/Downloads git clone https://github.</description>
    </item>
    
    <item>
      <title>CentOS 6/7 Multi-Boot Setup</title>
      <link>https://harryho.github.io/os/centos-fedora-desktop/</link>
      <pubDate>Fri, 10 Jan 2014 14:59:31 +1100</pubDate>
      
      <guid>https://harryho.github.io/os/centos-fedora-desktop/</guid>
      <description>Breif History  Please find it from Brief history of Linux  Bootable usb preparation  Download dvd iso from url or torrent Use Win32 Image Writer to create usb. ( Bootice is useful tool to reformat the USB as origin )
 Install CentOS on virtual machine  Before you install, you are better to backup anything on the device which you are going to install, and chcek your internet is working properly.</description>
    </item>
    
  </channel>
</rss>