<?xml version="1.0" encoding="utf-8" standalone="yes" ?>
<rss version="2.0" xmlns:atom="http://www.w3.org/2005/Atom">
  <channel>
    <title>Categories on Hello World</title>
    <link>https://harryho.github.io/categories/</link>
    <description>Recent content in Categories on Hello World</description>
    <generator>Hugo -- gohugo.io</generator>
    <language>en-us</language>
    <copyright>Copyright (c) 2015, harryho; All rights reserved.</copyright>
    <lastBuildDate>Wed, 07 Jun 2017 16:56:21 +1100</lastBuildDate>
    
	<atom:link href="https://harryho.github.io/categories/index.xml" rel="self" type="application/rss+xml" />
    
    
    <item>
      <title>Article</title>
      <link>https://harryho.github.io/categories/article/</link>
      <pubDate>Wed, 07 Jun 2017 16:56:21 +1100</pubDate>
      
      <guid>https://harryho.github.io/categories/article/</guid>
      <description></description>
    </item>
    
    <item>
      <title>Code</title>
      <link>https://harryho.github.io/categories/code/</link>
      <pubDate>Sun, 10 Apr 2016 14:59:31 +1100</pubDate>
      
      <guid>https://harryho.github.io/categories/code/</guid>
      <description></description>
    </item>
    
    <item>
      <title>Dev</title>
      <link>https://harryho.github.io/categories/dev/</link>
      <pubDate>Wed, 07 Dec 2016 16:56:21 +1100</pubDate>
      
      <guid>https://harryho.github.io/categories/dev/</guid>
      <description></description>
    </item>
    
    <item>
      <title>Os</title>
      <link>https://harryho.github.io/categories/os/</link>
      <pubDate>Sat, 06 Jan 2018 14:59:31 +1100</pubDate>
      
      <guid>https://harryho.github.io/categories/os/</guid>
      <description></description>
    </item>
    
    <item>
      <title>Project</title>
      <link>https://harryho.github.io/categories/project/</link>
      <pubDate>Thu, 03 Aug 2017 16:56:21 +1100</pubDate>
      
      <guid>https://harryho.github.io/categories/project/</guid>
      <description></description>
    </item>
    
  </channel>
</rss>