<?xml version="1.0" encoding="utf-8" standalone="yes" ?>
<rss version="2.0" xmlns:atom="http://www.w3.org/2005/Atom">
  <channel>
    <title>Git on Hello World</title>
    <link>https://harryho.github.io/tags/git/</link>
    <description>Recent content in Git on Hello World</description>
    <generator>Hugo -- gohugo.io</generator>
    <language>en-us</language>
    <copyright>Copyright (c) 2015, harryho; All rights reserved.</copyright>
    <lastBuildDate>Wed, 15 Feb 2017 14:59:31 +1100</lastBuildDate>
    
	<atom:link href="https://harryho.github.io/tags/git/index.xml" rel="self" type="application/rss+xml" />
    
    
    <item>
      <title>Create a blog site on GitHub Pages</title>
      <link>https://harryho.github.io/article/create-a-blog-on-github-pages/</link>
      <pubDate>Wed, 15 Feb 2017 14:59:31 +1100</pubDate>
      
      <guid>https://harryho.github.io/article/create-a-blog-on-github-pages/</guid>
      <description>After I setup a blog site with Hugo on my ubuntu machine, I decided to use it to create a blog to GitHub pages on my windows machine, since I use Windows machine as workstation. If you use Unix-style system, I pretty sure you can follow the Hugo Quick Start and Hosting on GitHub Pages to create a blog to GitHub pages within 5 mins, but when I try to do the same on Windows machine, it took me over 30 mins.</description>
    </item>
    
  </channel>
</rss>