<?xml version="1.0" encoding="utf-8" standalone="yes" ?>
<rss version="2.0" xmlns:atom="http://www.w3.org/2005/Atom">
  <channel>
    <title>Javascript on Hello World</title>
    <link>https://harryho.github.io/tags/javascript/</link>
    <description>Recent content in Javascript on Hello World</description>
    <generator>Hugo -- gohugo.io</generator>
    <language>en-us</language>
    <copyright>Copyright (c) 2015, harryho; All rights reserved.</copyright>
    <lastBuildDate>Wed, 07 Jun 2017 16:56:21 +1100</lastBuildDate>
    
	<atom:link href="https://harryho.github.io/tags/javascript/index.xml" rel="self" type="application/rss+xml" />
    
    
    <item>
      <title>Angular vs React vs Vue</title>
      <link>https://harryho.github.io/article/vue-ng-react/</link>
      <pubDate>Wed, 07 Jun 2017 16:56:21 +1100</pubDate>
      
      <guid>https://harryho.github.io/article/vue-ng-react/</guid>
      <description>Angular, React, Vue as most popular JavaScript frameworks at present, we just discuss Angular 1.x, Angular 2 / 4, React 15+ (Redux), and Vue 2+ here. There is no Angular 3, if you have not noticed before.
 Client side is a battle field In past 6–8 years, the Restful API has been accepted as one of standard web interfaces for most web applications, solution architect can simply add REST API on the top of existing web layer or business layer to provide REST API and support multiple client devices.</description>
    </item>
    
    <item>
      <title>Angular 4 Crm Project</title>
      <link>https://harryho.github.io/project/reetek-angular4-crm/</link>
      <pubDate>Wed, 07 Dec 2016 16:56:21 +1100</pubDate>
      
      <guid>https://harryho.github.io/project/reetek-angular4-crm/</guid>
      <description>Ng4Crm is reusable CRM project for real-world business based on Angular 4, Angular-Material &amp;amp; Bootstrap 3.
This project starts from a popular starter project AngularClass/AngularStarter. The goal of this project is to create reusable project for real-world business. To achieve this target, we need a solution which should include authentication process, restful API feature with token support and simple but elegant UI design.
Features
 This project is built on the top of AngularClass/Angular-Starter.</description>
    </item>
    
    <item>
      <title>React Redux Crm Project</title>
      <link>https://harryho.github.io/project/reetek-react-crm/</link>
      <pubDate>Wed, 07 Dec 2016 16:56:21 +1100</pubDate>
      
      <guid>https://harryho.github.io/project/reetek-react-crm/</guid>
      <description>React-Crm is reusable CRM starter project for real-world business based on React 15.4, React-Redux &amp;amp; Material-UI.
The goal of this starter project is to create reusable project for real-world business. To achieve this target, we need a solution which should include authentication process, restful API feature with token support and simple but elegant UI design.
Features
 This project is built on the top of React/Redux. The UI part of this project uses Material-UI.</description>
    </item>
    
    <item>
      <title>Vue 2 Admin Project</title>
      <link>https://harryho.github.io/project/reetek-vue2-admin/</link>
      <pubDate>Wed, 07 Dec 2016 16:56:21 +1100</pubDate>
      
      <guid>https://harryho.github.io/project/reetek-vue2-admin/</guid>
      <description>Vue2Admin is a fully responsive admin template that is inspired by AdminLTE.
 This template is built-in with Vue 2 at the start. It include Vue Resource, Vuex as well. The plugins for this project are loaded with script loader.  Structure of Reetek Vue2Admin path\to\vue2admin +---build &amp;lt;-// webpack files +---config &amp;lt;-// configuration of dev or prod environment +---screenshots +---src &amp;lt;-// vue components | +---components | | +---charts | | +---dashboard | | +---forms | | +---mailbox | | +---misc | | +---pages | | +---tables | | +---ui | | \---widget | \---filters +---static &amp;lt;-// css, dump data, fonts, image files and plugins | +---css | +---data | +---fonts | +---img | | +---credit | | \---stock | \---js | \---plugins &amp;lt;-// plugins for admin dashboard | +---AdminLTE | +---bootstrap | +---bootstrap-slider | +---bootstrap-wysihtml5 | +---chartjs | +---ckeditor | + .</description>
    </item>
    
    <item>
      <title>Vue 2 Crm Project</title>
      <link>https://harryho.github.io/project/reetek-vue2-crm/</link>
      <pubDate>Wed, 07 Dec 2016 16:56:21 +1100</pubDate>
      
      <guid>https://harryho.github.io/project/reetek-vue2-crm/</guid>
      <description>Vue2Crm is a reusable Vue.js CRM starter project for real-world business based on Vue 2 PWA template with Vuetify.
The goal of this project is to create a reusable project for real-world business. To achieve this target, we need a solution which includes authentication process, restful API feature and simple but elegant UI design.
Features
 This starter project is built-in with Vue 2 PWA from scratch. The whole UI is built on the Vuetify It includes Vuex, Axios as well.</description>
    </item>
    
    <item>
      <title>Angularjs Webpack ES6 Starter</title>
      <link>https://harryho.github.io/project/angularjs-webpack-es6-starter/</link>
      <pubDate>Tue, 15 Nov 2016 16:56:21 +1100</pubDate>
      
      <guid>https://harryho.github.io/project/angularjs-webpack-es6-starter/</guid>
      <description>This starter was inspired by another similar angular webpack starter repository. It simply includes font-awesome, bootstrap for the people who don&amp;rsquo;t want to use boostrap-webpack, font-awesome-webpack. I find it saves us so much effort to create prototype, since we don&amp;rsquo;t need spectacular UI.
 This starter uses angular 1.5 for someone want to build component. This repo followes mvc patterns instead of component pattern. ES6, and ES7 support with babel.</description>
    </item>
    
    <item>
      <title>JavaScript and OOP</title>
      <link>https://harryho.github.io/code/javascript-oop/</link>
      <pubDate>Thu, 20 Mar 2014 14:59:31 +1100</pubDate>
      
      <guid>https://harryho.github.io/code/javascript-oop/</guid>
      <description>What is JavaScript?  Please find the answer on Home Page  What is OOP?  Object-oriented programming (OOP) is a programming paradigm based on the concept of &amp;ldquo;objects&amp;rdquo;, which may contain data, in the form of fields, as known as attributes or properties; and actions, in the form of functions, as known as methods.
For example, Car is an object. The color and model of the car are attributes.</description>
    </item>
    
  </channel>
</rss>