<?xml version="1.0" encoding="utf-8" standalone="yes" ?>
<rss version="2.0" xmlns:atom="http://www.w3.org/2005/Atom">
  <channel>
    <title>Python on Hello World</title>
    <link>https://harryho.github.io/tags/python/</link>
    <description>Recent content in Python on Hello World</description>
    <generator>Hugo -- gohugo.io</generator>
    <language>en-us</language>
    <copyright>Copyright (c) 2015, harryho; All rights reserved.</copyright>
    <lastBuildDate>Mon, 28 Sep 2015 09:59:31 +1100</lastBuildDate>
    
	<atom:link href="https://harryho.github.io/tags/python/index.xml" rel="self" type="application/rss+xml" />
    
    
    <item>
      <title>Python Web framework</title>
      <link>https://harryho.github.io/dev/python-django/</link>
      <pubDate>Mon, 28 Sep 2015 09:59:31 +1100</pubDate>
      
      <guid>https://harryho.github.io/dev/python-django/</guid>
      <description>Getting started Install Python &amp;amp; pip &amp;amp; virtualenv  Windows: Please find in from Home Page Ubuntu: Please find it from Ubuntu setup Python 3.4 (released March 2014) and Python 2.7.9 (released December 2014) ship with Pip. You can simply use pip or pip3 install any package you need.  Install Django Windows
 Install django  create a folder virtualenvs within the location of python 3 create a new virtualenv named django18 Activate the new virtual env Install Django 1.</description>
    </item>
    
  </channel>
</rss>