<?xml version="1.0" encoding="utf-8" standalone="yes" ?>
<rss version="2.0" xmlns:atom="http://www.w3.org/2005/Atom">
  <channel>
    <title>Tags on Hello World</title>
    <link>https://harryho.github.io/tags/</link>
    <description>Recent content in Tags on Hello World</description>
    <generator>Hugo -- gohugo.io</generator>
    <language>en-us</language>
    <copyright>Copyright (c) 2015, harryho; All rights reserved.</copyright>
    <lastBuildDate>Wed, 11 Jan 2017 11:59:31 +1100</lastBuildDate>
    
	<atom:link href="https://harryho.github.io/tags/index.xml" rel="self" type="application/rss+xml" />
    
    
    <item>
      <title>Agile</title>
      <link>https://harryho.github.io/tags/agile/</link>
      <pubDate>Wed, 11 Jan 2017 11:59:31 +1100</pubDate>
      
      <guid>https://harryho.github.io/tags/agile/</guid>
      <description></description>
    </item>
    
    <item>
      <title>Ai</title>
      <link>https://harryho.github.io/tags/ai/</link>
      <pubDate>Wed, 07 Dec 2016 16:56:21 +1100</pubDate>
      
      <guid>https://harryho.github.io/tags/ai/</guid>
      <description></description>
    </item>
    
    <item>
      <title>Angularjs</title>
      <link>https://harryho.github.io/tags/angularjs/</link>
      <pubDate>Tue, 15 Nov 2016 16:56:21 +1100</pubDate>
      
      <guid>https://harryho.github.io/tags/angularjs/</guid>
      <description></description>
    </item>
    
    <item>
      <title>Azure</title>
      <link>https://harryho.github.io/tags/azure/</link>
      <pubDate>Sun, 10 Apr 2016 14:59:31 +1100</pubDate>
      
      <guid>https://harryho.github.io/tags/azure/</guid>
      <description></description>
    </item>
    
    <item>
      <title>C</title>
      <link>https://harryho.github.io/tags/c/</link>
      <pubDate>Sun, 10 Apr 2016 14:59:31 +1100</pubDate>
      
      <guid>https://harryho.github.io/tags/c/</guid>
      <description></description>
    </item>
    
    <item>
      <title>Centos</title>
      <link>https://harryho.github.io/tags/centos/</link>
      <pubDate>Fri, 03 Feb 2017 10:59:31 +1100</pubDate>
      
      <guid>https://harryho.github.io/tags/centos/</guid>
      <description></description>
    </item>
    
    <item>
      <title>Cmd</title>
      <link>https://harryho.github.io/tags/cmd/</link>
      <pubDate>Sun, 04 May 2014 10:59:31 +1100</pubDate>
      
      <guid>https://harryho.github.io/tags/cmd/</guid>
      <description></description>
    </item>
    
    <item>
      <title>Git</title>
      <link>https://harryho.github.io/tags/git/</link>
      <pubDate>Wed, 15 Feb 2017 14:59:31 +1100</pubDate>
      
      <guid>https://harryho.github.io/tags/git/</guid>
      <description></description>
    </item>
    
    <item>
      <title>Hugo</title>
      <link>https://harryho.github.io/tags/hugo/</link>
      <pubDate>Wed, 15 Feb 2017 14:59:31 +1100</pubDate>
      
      <guid>https://harryho.github.io/tags/hugo/</guid>
      <description></description>
    </item>
    
    <item>
      <title>Itext</title>
      <link>https://harryho.github.io/tags/itext/</link>
      <pubDate>Thu, 11 Aug 2016 11:59:31 +1100</pubDate>
      
      <guid>https://harryho.github.io/tags/itext/</guid>
      <description></description>
    </item>
    
    <item>
      <title>Java</title>
      <link>https://harryho.github.io/tags/java/</link>
      <pubDate>Tue, 10 Feb 2015 14:59:31 +1100</pubDate>
      
      <guid>https://harryho.github.io/tags/java/</guid>
      <description></description>
    </item>
    
    <item>
      <title>Javascript</title>
      <link>https://harryho.github.io/tags/javascript/</link>
      <pubDate>Wed, 07 Jun 2017 16:56:21 +1100</pubDate>
      
      <guid>https://harryho.github.io/tags/javascript/</guid>
      <description></description>
    </item>
    
    <item>
      <title>Linux</title>
      <link>https://harryho.github.io/tags/linux/</link>
      <pubDate>Sat, 06 Jan 2018 14:59:31 +1100</pubDate>
      
      <guid>https://harryho.github.io/tags/linux/</guid>
      <description></description>
    </item>
    
    <item>
      <title>Mobile</title>
      <link>https://harryho.github.io/tags/mobile/</link>
      <pubDate>Sun, 10 Jul 2016 14:59:31 +1100</pubDate>
      
      <guid>https://harryho.github.io/tags/mobile/</guid>
      <description></description>
    </item>
    
    <item>
      <title>Oo</title>
      <link>https://harryho.github.io/tags/oo/</link>
      <pubDate>Thu, 20 Mar 2014 14:59:31 +1100</pubDate>
      
      <guid>https://harryho.github.io/tags/oo/</guid>
      <description></description>
    </item>
    
    <item>
      <title>Php</title>
      <link>https://harryho.github.io/tags/php/</link>
      <pubDate>Wed, 07 Dec 2016 16:56:21 +1100</pubDate>
      
      <guid>https://harryho.github.io/tags/php/</guid>
      <description></description>
    </item>
    
    <item>
      <title>Python</title>
      <link>https://harryho.github.io/tags/python/</link>
      <pubDate>Mon, 28 Sep 2015 09:59:31 +1100</pubDate>
      
      <guid>https://harryho.github.io/tags/python/</guid>
      <description></description>
    </item>
    
    <item>
      <title>Pythoon</title>
      <link>https://harryho.github.io/tags/pythoon/</link>
      <pubDate>Thu, 03 Aug 2017 16:56:21 +1100</pubDate>
      
      <guid>https://harryho.github.io/tags/pythoon/</guid>
      <description></description>
    </item>
    
    <item>
      <title>Raspberry Pi</title>
      <link>https://harryho.github.io/tags/raspberry-pi/</link>
      <pubDate>Sat, 06 Jan 2018 14:59:31 +1100</pubDate>
      
      <guid>https://harryho.github.io/tags/raspberry-pi/</guid>
      <description></description>
    </item>
    
    <item>
      <title>Ubuntu</title>
      <link>https://harryho.github.io/tags/ubuntu/</link>
      <pubDate>Thu, 04 Jan 2018 13:59:31 +1100</pubDate>
      
      <guid>https://harryho.github.io/tags/ubuntu/</guid>
      <description></description>
    </item>
    
    <item>
      <title>Webpack</title>
      <link>https://harryho.github.io/tags/webpack/</link>
      <pubDate>Tue, 15 Nov 2016 16:56:21 +1100</pubDate>
      
      <guid>https://harryho.github.io/tags/webpack/</guid>
      <description></description>
    </item>
    
    <item>
      <title>Windows</title>
      <link>https://harryho.github.io/tags/windows/</link>
      <pubDate>Sun, 04 May 2014 10:59:31 +1100</pubDate>
      
      <guid>https://harryho.github.io/tags/windows/</guid>
      <description></description>
    </item>
    
  </channel>
</rss>