<?xml version="1.0" encoding="utf-8" standalone="yes" ?>
<rss version="2.0" xmlns:atom="http://www.w3.org/2005/Atom">
  <channel>
    <title>Agile on Hello World</title>
    <link>https://harryho.github.io/tags/agile/</link>
    <description>Recent content in Agile on Hello World</description>
    <generator>Hugo -- gohugo.io</generator>
    <language>en-us</language>
    <copyright>Copyright (c) 2015, harryho; All rights reserved.</copyright>
    <lastBuildDate>Wed, 11 Jan 2017 11:59:31 +1100</lastBuildDate>
    
	<atom:link href="https://harryho.github.io/tags/agile/index.xml" rel="self" type="application/rss+xml" />
    
    
    <item>
      <title>JIRA Notes</title>
      <link>https://harryho.github.io/article/jira-notes/</link>
      <pubDate>Wed, 11 Jan 2017 11:59:31 +1100</pubDate>
      
      <guid>https://harryho.github.io/article/jira-notes/</guid>
      <description>What is JIRA  Jira is a proprietary issue tracking product, developed by Atlassian. It provides bug tracking, issue tracking, and project management functions. Although normally styled JIRA, the product name is not an acronym, but a truncation of Gojira, the Japanese name for Godzilla,[6] itself a reference to Jira&amp;rsquo;s main competitor, Bugzilla. It has been developed since 2002.
 How to work with client within JIRA  The instruction below is only for the client who has independent JIRA instance.</description>
    </item>
    
  </channel>
</rss>