<?xml version="1.0" encoding="utf-8" standalone="yes" ?>
<rss version="2.0" xmlns:atom="http://www.w3.org/2005/Atom">
  <channel>
    <title>Cmd on Hello World</title>
    <link>https://harryho.github.io/tags/cmd/</link>
    <description>Recent content in Cmd on Hello World</description>
    <generator>Hugo -- gohugo.io</generator>
    <language>en-us</language>
    <copyright>Copyright (c) 2015, harryho; All rights reserved.</copyright>
    <lastBuildDate>Sun, 04 May 2014 10:59:31 +1100</lastBuildDate>
    
	<atom:link href="https://harryho.github.io/tags/cmd/index.xml" rel="self" type="application/rss+xml" />
    
    
    <item>
      <title>Use Windows command &amp; hotkey as a hacker - Part 3</title>
      <link>https://harryho.github.io/os/use-windows-command-hotkey-as-hacker-3/</link>
      <pubDate>Sun, 04 May 2014 10:59:31 +1100</pubDate>
      
      <guid>https://harryho.github.io/os/use-windows-command-hotkey-as-hacker-3/</guid>
      <description>This article will continue the topic of Windows command &amp;amp; hotkeys. Part-1 shows you common hotkeys and short command lines for Run windnow dialog. Part-2 advanced commands and how to create a batch script with all those commands. Here I am going to show you another secret weapon in Windows system-VBScript/JScript
Breif history  VBScript/JScript is an Active Scripting language developed by Microsoft that is modeled on Visual Basic. It allows Microsoft Windows system administrators to generate powerful tools for managing computers with error handling, subroutines, and other advanced programming constructs.</description>
    </item>
    
    <item>
      <title>Use Windows command &amp; hotkey as a hacker - Part 2</title>
      <link>https://harryho.github.io/os/use-windows-command-hotkey-as-hacker-2/</link>
      <pubDate>Mon, 24 Mar 2014 10:59:31 +1100</pubDate>
      
      <guid>https://harryho.github.io/os/use-windows-command-hotkey-as-hacker-2/</guid>
      <description>This article will continue the topic of Windows command &amp;amp; hotkeys. Part-1 shows you common hotkeys and short command lines for Run windnow dialog. The rest of this topic will focus on the advanced commands and how to create a batch script with all those commands.
Let me clarify something first. Advanced command here does not mean that commands here are very complicated or much more powerful than common ones, which have been shown in the Part-1.</description>
    </item>
    
    <item>
      <title>Use Windows command &amp; hotkey as a hacker - Part 1</title>
      <link>https://harryho.github.io/os/use-windows-command-hotkey-as-hacker-1/</link>
      <pubDate>Sun, 09 Mar 2014 10:59:31 +1100</pubDate>
      
      <guid>https://harryho.github.io/os/use-windows-command-hotkey-as-hacker-1/</guid>
      <description>Do you want to make your friends amazed by your computer skill and praise you as genius? Or the hacker as watched in Sci-Fi movies? You don&amp;rsquo;t need Mac, Linux or other operating systems, just Windows, you can show-off and look like hacker and master of Zeroes and Ones, even you have no any idea of it. Here are some tricks by which you can make your friends&amp;rsquo; jaw drop.</description>
    </item>
    
  </channel>
</rss>